{
  "IcoMoonType": "selection",
  "icons": [
    {
      "icon": {
        "paths": [
          "M2605.254 557.255c24.992-24.994 24.992-65.516 0-90.51l-407.296-407.293c-24.992-24.994-65.51-24.994-90.509 0-24.992 24.994-24.992 65.516 0 90.51l362.042 362.038-362.042 362.042c-24.992 24.992-24.992 65.51 0 90.509 24.998 24.992 65.517 24.992 90.509 0l407.296-407.295zM0 576h2560v-128h-2560v128z"
        ],
        "attrs": [
          {
            "fill": "rgb(252, 252, 252)"
          }
        ],
        "width": 2624,
        "isMulticolor": false,
        "isMulticolor2": false,
        "grid": 0,
        "tags": [
          "hero-arrow"
        ],
        "colorPermutations": {
          "25225225212552552551": [
            {
              "f": 0
            }
          ]
        }
      },
      "attrs": [
        {
          "fill": "rgb(252, 252, 252)"
        }
      ],
      "properties": {
        "order": 53,
        "id": 2,
        "name": "hero-arrow",
        "prevSize": 32
      },
      "setIdx": 0,
      "setId": 10,
      "iconIdx": 0
    },
    {
      "icon": {
        "paths": [
          "M2180.267 558.933c25.6-25.6 25.6-64 0-89.6l-405.333-405.333c-25.6-25.6-64-25.6-89.6 0s-25.6 64 0 89.6l362.667 362.667-362.667 362.667c-25.6 25.6-25.6 64 0 89.6s64 25.6 89.6 0l405.333-409.6zM0 576h2133.333v-128h-2133.333v128z"
        ],
        "attrs": [
          {
            "fill": "rgb(255, 255, 255)"
          }
        ],
        "width": 2219,
        "isMulticolor": false,
        "isMulticolor2": false,
        "grid": 0,
        "tags": [
          "hero-arrow-focus"
        ],
        "colorPermutations": {
          "25225225212552552551": [
            {
              "f": 1
            }
          ]
        }
      },
      "attrs": [
        {
          "fill": "rgb(255, 255, 255)"
        }
      ],
      "properties": {
        "order": 54,
        "id": 1,
        "name": "hero-arrow-focus",
        "prevSize": 32
      },
      "setIdx": 0,
      "setId": 10,
      "iconIdx": 1
    },
    {
      "icon": {
        "paths": [
          "M3244.8 556.8c25.6-25.6 25.6-64 0-89.6l-409.6-409.6c-25.6-25.6-64-25.6-89.6 0s-25.6 64 0 89.6l364.8 364.8-364.8 364.8c-25.6 25.6-25.6 64 0 89.6s64 25.6 89.6 0l409.6-409.6zM0 576h3200v-128h-3200v128z"
        ],
        "attrs": [
          {
            "fill": "rgb(255, 255, 255)"
          }
        ],
        "width": 3264,
        "isMulticolor": false,
        "isMulticolor2": false,
        "grid": 0,
        "tags": [
          "hero-arrow-hover"
        ],
        "colorPermutations": {
          "25225225212552552551": [
            {
              "f": 1
            }
          ]
        }
      },
      "attrs": [
        {
          "fill": "rgb(255, 255, 255)"
        }
      ],
      "properties": {
        "order": 55,
        "id": 0,
        "name": "hero-arrow-hover",
        "prevSize": 32
      },
      "setIdx": 0,
      "setId": 10,
      "iconIdx": 2
    }
  ],
  "height": 1024,
  "preferences": {
    "showGlyphs": true,
    "showQuickUse": true,
    "showQuickUse2": true,
    "showSVGs": true,
    "fontPref": {
      "prefix": "icon-",
      "metadata": {
        "fontFamily": "icomoon"
      },
      "metrics": {
        "emSize": 1024,
        "baseline": 6.25,
        "whitespace": 50
      },
      "embed": false
    },
    "imagePref": {
      "prefix": "icon-",
      "png": true,
      "useClassSelector": true,
      "color": 0,
      "bgColor": 16777215,
      "classSelector": ".icon",
      "name": "icons",
      "height": 32,
      "columns": 16,
      "margin": 16
    },
    "historySize": 50,
    "showCodes": true,
    "gridSize": 16
  }
}